"date","ref","plate","duration_feeding","feedingRate","body","spine","treatment","clone","kairomone","metsch","block","rep","day","assay"
2022-11-03,"k+m+_c1_1.12",1,9.46888888888889,0.0691505942754709,1.2573148336,0.4158467426,"k+m+","c1",TRUE,TRUE,"1","12",8,1
2022-11-07,"k-m+_m37_2.5",1,8.37666666666667,0.531326199207971,1.2948568972,0.3854168568,"k-m+","m37",FALSE,TRUE,"2","5",7,1
2022-11-09,"k-m-_w2_1.4",1,8.33472222222222,0.374787157524329,1.3933358468,0.3815263134,"k-m-","w2",FALSE,FALSE,"1","4",14,2
2022-12-06,"k-m-_w2_4.3",1,7.87583333333333,0,0.9320887886,0.1586649608,"k-m-","w2",FALSE,FALSE,"4","3",7,1
2022-12-11,"k-m+_w2_5.1",1,7.85083333333333,0.244659036288274,1.308789102,0.4829562604,"k-m+","w2",FALSE,TRUE,"5","1",7,1
2022-12-12,"k-m+_c1_6.5",1,NA,NA,NA,NA,"k-m+","c1",FALSE,TRUE,"6","5",7,1
2022-12-18,"k+m+_w2_5.1",1,7.47194444444444,0.34834720760965,1.5050858392,0.3988006248,"k+m+","w2",TRUE,TRUE,"5","1",14,2
2022-12-19,"k+m+_w2_6.1",1,7.01277777777778,0.124912070642775,1.1003653634,0.3112424814,"k+m+","w2",TRUE,TRUE,"6","1",14,2
2022-11-07,"k+m+_c1_2.5",1,8.3525,0.331502936032206,1.1686440432,0.3527086926,"k+m+","c1",TRUE,TRUE,"2","5",7,1
2022-11-09,"k+m-_w2_1.5",1,8.30444444444444,0.403967704922821,1.2593026122,0.3449964144,"k+m-","w2",TRUE,FALSE,"1","5",14,2
2022-12-06,"k-m+_c1_4.3",1,7.84277777777778,0.028398912018433,1.0033391795,0.3693908665,"k-m+","c1",FALSE,TRUE,"4","3",7,1
2022-12-11,"k+m-_c1_5.3",1,7.82444444444444,0.11654531987807,0.6571270322,0.101831013,"k+m-","c1",TRUE,FALSE,"5","3",7,1
2022-12-12,"k+m-_m37_6.2",1,7.45888888888889,-0.0472833680228096,0.9962135016,0.105450005,"k+m-","m37",TRUE,FALSE,"6","2",7,1
2022-12-13,"k-m-_c1_4.3",1,7.10888888888889,0.237646122676322,1.21560971,0.3491845696,"k-m-","c1",FALSE,FALSE,"4","3",14,2
2022-12-18,"k-m+_m37_5.1",1,7.44,0.256371138789718,1.4466871498,0.3964014678,"k-m+","m37",FALSE,TRUE,"5","1",14,2
2022-12-19,"k-m+_m37_6.1",1,6.98888888888889,0.359591391816877,1.4434896454,0.3730670466,"k-m+","m37",FALSE,TRUE,"6","1",14,2
2022-11-03,"k-m+_c1_1.8",1,9.43611111111111,0,1.1103221888,0.34591244,"k-m+","c1",FALSE,TRUE,"1","8",8,1
2022-11-09,"k+m+_c1_1.1",1,8.27611111111111,0.0794471904497579,NA,NA,"k+m+","c1",TRUE,TRUE,"1","1",14,2
2022-12-06,"k+m+_w2_4.1",1,7.81833333333333,0.270708810771871,1.1263052531,0.3653567115,"k+m+","w2",TRUE,TRUE,"4","1",7,1
2022-12-11,"k-m-_m37_5.3",1,7.76277777777778,0.116936265905733,0.9023085078,0.0218851734,"k-m-","m37",FALSE,FALSE,"5","3",7,1
2022-12-18,"k-m+_m37_5.2",1,7.39972222222222,-0.101305206090484,1.4550624696,0.378464191,"k-m+","m37",FALSE,TRUE,"5","2",14,2
2022-12-19,"k-m-_w2_6.1",1,6.95583333333333,0.14516724668504,1.287378299,0.2181491192,"k-m-","w2",FALSE,FALSE,"6","1",14,2
2022-11-03,"k-m+_w2_1.2",1,9.40638888888889,0.0541827944751792,1.0670623566,0.39686992,"k-m+","w2",FALSE,TRUE,"1","2",8,1
2022-11-07,"k-m+_c1_2.6",1,8.32861111111111,0.175410541503847,1.0011474008,0.3723610028,"k-m+","c1",FALSE,TRUE,"2","6",7,1
2022-11-09,"k-m-_w2_1.5",1,8.24027777777778,0.164586894950801,1.3366442152,0.35490277,"k-m-","w2",FALSE,FALSE,"1","5",14,2
2022-12-06,"k-m+_c1_4.5",1,7.79444444444444,-0.0224104401088407,0.9314573446,0.4032693738,"k-m+","c1",FALSE,TRUE,"4","5",7,1
2022-12-11,"k+m-_c1_5.1",1,7.69833333333333,0.011972273355606,0.890709801,0.2628301068,"k+m-","c1",TRUE,FALSE,"5","1",7,1
2022-12-12,"k+m+_c1_6.2",1,7.41972222222222,-0.0896121704795022,1.1452899116,0.4091210512,"k+m+","c1",TRUE,TRUE,"6","2",7,1
2022-12-13,"k+m+_w2_4.2",1,7.06055555555556,0.11976024742349,1.3421754462,0.0204409802,"k+m+","w2",TRUE,TRUE,"4","2",14,2
2022-12-18,"k+m-_w2_5.1",1,7.34444444444444,0.271277197298925,1.5602100368,0.2805587988,"k+m-","w2",TRUE,FALSE,"5","1",14,2
2022-12-19,"k-m-_m37_6.2",1,6.93361111111111,0.0497376843300388,1.415558002,0.4127987426,"k-m-","m37",FALSE,FALSE,"6","2",14,2
2022-11-03,"k+m+_m37_1.1",1,9.38416666666667,0.0697749003244902,1.1797456212,0.4058444004,"k+m+","m37",TRUE,TRUE,"1","1",8,1
2022-11-07,"k+m-_m37_2.8",1,8.29861111111111,0.147274804286961,1.1632599036,0.3195686014,"k+m-","m37",TRUE,FALSE,"2","8",7,1
2022-11-09,"k+m-_w2_1.1",1,8.2125,0.155657073375811,1.303718246,0.3579482046,"k+m-","w2",TRUE,FALSE,"1","1",14,2
2022-12-11,"k-m+_m37_5.4",1,7.605,-0.0315344703306842,1.190841281,0.4153407746,"k-m+","m37",FALSE,TRUE,"5","4",7,1
2022-12-12,"k-m-_c1_6.3",1,7.38194444444444,0.10132995939707,0.9119772718,0.2529764054,"k-m-","c1",FALSE,FALSE,"6","3",7,1
2022-12-13,"k-m+_w2_4.3",1,7.03083333333333,0.0170338144554448,1.3646357772,0.2696254958,"k-m+","w2",FALSE,TRUE,"4","3",14,2
2022-12-18,"k+m+_c1_5.1",1,7.30694444444444,0.207405296809703,1.1530090351,0.4279309958,"k+m+","c1",TRUE,TRUE,"5","1",14,2
2022-12-19,"k-m+_w2_6.1",1,6.90083333333333,0.195592951861016,0.9967012324,0.2808663928,"k-m+","w2",FALSE,TRUE,"6","1",14,2
2022-11-03,"k+m+_c1_1.4",1,NA,NA,NA,NA,"k+m+","c1",TRUE,TRUE,"1","4",8,1
2022-11-07,"k-m-_m37_2.1",1,8.27666666666667,0.153514552701053,0.8682279816,0.0586910688,"k-m-","m37",FALSE,FALSE,"2","1",7,1
2022-11-09,"k-m-_c1_1.3",1,8.17416666666667,0.258157435965173,1.6120886732,0.5434965,"k-m-","c1",FALSE,FALSE,"1","3",14,2
2022-12-06,"k-m-_w2_4.1",1,7.76416666666667,-0.113104483426318,0.909801584,0.3575471132,"k-m-","w2",FALSE,FALSE,"4","1",7,1
2022-12-11,"k+m-_m37_5.2",1,7.56666666666667,0.368127209984813,0.9222260956,0.1896712996,"k+m-","m37",TRUE,FALSE,"5","2",7,1
2022-12-12,"k-m+_c1_6.2",1,7.35888888888889,0.172242994225018,1.0186274776,0.3105898538,"k-m+","c1",FALSE,TRUE,"6","2",7,1
2022-12-13,"k+m-_w2_4.3",1,6.98444444444444,0.284852944891484,1.4836511348,0.070078854,"k+m-","w2",TRUE,FALSE,"4","3",14,2
2022-12-18,"k-m+_w2_5.1",1,7.27361111111111,0.35495629902551,1.4340711476,0.3135274146,"k-m+","w2",FALSE,TRUE,"5","1",14,2
2022-11-03,"k+m+_c1_1.2",1,9.3125,0.119881848206893,0.9742731848,0.3605054258,"k+m+","c1",TRUE,TRUE,"1","2",8,1
2022-11-07,"k+m-_w2_2.3",1,7.50111111111111,0.266866029883817,1.3270585854,0.4043052874,"k+m-","w2",TRUE,FALSE,"2","3",7,1
2022-11-09,"k-m-_c1_1.10",1,NA,NA,NA,NA,"k-m-","c1",FALSE,FALSE,"1","10",14,2
2022-12-06,"k+m-_c1_4.5",1,7.74083333333333,0.0279028250233118,0.8519765917,0.3171479052,"k+m-","c1",TRUE,FALSE,"4","5",7,1
2022-12-11,"k+m+_m37_5.4",1,7.44194444444444,0.21914997630467,0.9303783272,0.3114544444,"k+m+","m37",TRUE,TRUE,"5","4",7,1
2022-12-12,"k+m-_c1_6.3",1,7.32916666666667,0.057156486698115,0.9690913562,0.0611349298,"k+m-","c1",TRUE,FALSE,"6","3",7,1
2022-12-13,"k+m-_w2_4.1",1,6.95305555555556,0.25925554943526,1.3963407938,0.3552627642,"k+m-","w2",TRUE,FALSE,"4","1",14,2
2022-12-18,"k+m-_c1_5.1",1,7.24,-0.127587458744496,1.1245373242,0.3356917594,"k+m-","c1",TRUE,FALSE,"5","1",14,2
2022-11-03,"k-m-_c1_1.6",1,9.285,0.433812471246404,1.3617293568,NA,"k-m-","c1",FALSE,FALSE,"1","6",8,1
2022-11-07,"k-m+_c1_2.5",1,8.22555555555556,0.233513384527067,1.147954143,0.4178575082,"k-m+","c1",FALSE,TRUE,"2","5",7,1
2022-11-09,"k-m-_w2_1.2",1,NA,NA,NA,NA,"k-m-","w2",FALSE,FALSE,"1","2",14,2
2022-12-11,"k+m+_m37_5.1",1,7.42222222222222,0.159507506516982,1.1480354738,0.4258658488,"k+m+","m37",TRUE,TRUE,"5","1",7,1
2022-12-12,"k+m-_c1_6.1",1,NA,NA,NA,NA,"k+m-","c1",TRUE,FALSE,"6","1",7,1
2022-12-13,"k-m-_w2_4.3",1,6.92111111111111,0.32615801547942,1.213734428,0.0644418828,"k-m-","w2",FALSE,FALSE,"4","3",14,2
2022-12-18,"k-m+_m37_5.3",1,7.20888888888889,0.305392434061744,1.4608448812,0.4558298986,"k-m+","m37",FALSE,TRUE,"5","3",14,2
2022-11-03,"k+m-_w2_1.4",1,9.26472222222222,0.289100659261722,1.1092406568,0.37910897,"k+m-","w2",TRUE,FALSE,"1","4",8,1
2022-11-07,"k-m+_m37_2.8",1,8.20111111111111,0.362680426307318,1.0718885852,0.3163173506,"k-m+","m37",FALSE,TRUE,"2","8",7,1
2022-11-09,"k+m+_m37_1.2",1,8.09583333333333,0.28266586403975,1.4301775054,0.397003143,"k+m+","m37",TRUE,TRUE,"1","2",14,2
2022-12-11,"k-m-_c1_5.2",1,7.38694444444444,0.23124274670962,0.7691334884,0.0323362828,"k-m-","c1",FALSE,FALSE,"5","2",7,1
2022-12-12,"k+m-_c1_6.5",1,7.28694444444444,0.125177307123845,0.8984158816,0.3246477124,"k+m-","c1",TRUE,FALSE,"6","5",7,1
2022-12-13,"k-m+_c1_4.4",1,6.895,0.00865869033575599,1.31690999,0.3557532636,"k-m+","c1",FALSE,TRUE,"4","4",14,2
2022-12-18,"k-m-_c1_5.1",1,7.16416666666667,0.383068762175308,1.2826497842,0.4222685484,"k-m-","c1",FALSE,FALSE,"5","1",14,2
2022-12-19,"k+m+_m37_6.2",1,6.87333333333333,0.0574376493314075,1.2671412935,0.398450181,"k+m+","m37",TRUE,TRUE,"6","2",14,2
2022-11-03,"k-m+_c1_1.6",1,9.35194444444445,0.149446933956269,1.0541049022,0.4065277366,"k-m+","c1",FALSE,TRUE,"1","6",8,1
2022-11-07,"k+m+_c1_2.10",1,8.14361111111111,0.646458842995074,NA,NA,"k+m+","c1",TRUE,TRUE,"2","10",7,1
2022-12-06,"k-m+_w2_4.2",1,7.71194444444444,0.344782979418919,1.1463749488,0.375291096,"k-m+","w2",FALSE,TRUE,"4","2",7,1
2022-12-11,"k+m+_m37_5.2",1,7.27361111111111,0.185491519739444,1.1449043142,0.4425695746,"k+m+","m37",TRUE,TRUE,"5","2",7,1
2022-12-12,"k+m-_w2_6.1",1,7.24861111111111,0.0577916804571667,0.9614419684,0.1054812978,"k+m-","w2",TRUE,FALSE,"6","1",7,1
2022-12-18,"k-m-_m37_5.3",1,7.13611111111111,0.603666211729403,1.2761084714,0.016363696,"k-m-","m37",FALSE,FALSE,"5","3",14,2
2022-12-19,"k-m+_c1_6.1",1,6.8375,0.486201057540438,1.4210498376,0.2947565352,"k-m+","c1",FALSE,TRUE,"6","1",14,2
2022-11-03,"k-m-_c1_1.4",1,9.14972222222222,0.531356555623672,1.0870868022,0.3757411078,"k-m-","c1",FALSE,FALSE,"1","4",8,1
2022-11-07,"k+m+_m37_2.3",1,8.11861111111111,0.379428193917441,1.0713176694,0.3449809712,"k+m+","m37",TRUE,TRUE,"2","3",7,1
2022-11-09,"k-m+_w2_1.5",1,8.06416666666667,0.410900654278528,1.21926731,0.3671009676,"k-m+","w2",FALSE,TRUE,"1","5",14,2
2022-12-06,"k+m+_w2_4.2",1,7.68388888888889,0.332451182260402,1.083951731,0.3951024991,"k+m+","w2",TRUE,TRUE,"4","2",7,1
2022-12-11,"k+m+_c1_5.1",1,7.24888888888889,0.133492944116332,0.857793814,0.3867485407,"k+m+","c1",TRUE,TRUE,"5","1",7,1
2022-12-13,"k-m-_c1_4.4",1,6.845,0.21138988530041,0.8089857582,0.201310621,"k-m-","c1",FALSE,FALSE,"4","4",14,2
2022-12-19,"k+m-_m37_6.1",1,6.80944444444444,0.560338791758422,1.3295658448,0.4399073244,"k+m-","m37",TRUE,FALSE,"6","1",14,2
2022-11-03,"k+m-_c1_1.2",1,9.12111111111111,0.309427726782549,0.9579628542,0.368864134,"k+m-","c1",TRUE,FALSE,"1","2",8,1
2022-12-06,"k+m-_c1_4.6",1,7.65555555555556,0.0512317007807739,0.6095487047,0.07636637,"k+m-","c1",TRUE,FALSE,"4","6",7,1
2022-12-13,"k-m+_c1_4.5",1,6.81444444444444,-0.117460356931653,1.2326844028,0.4375832244,"k-m+","c1",FALSE,TRUE,"4","5",14,2
2022-12-19,"k-m-_m37_6.1",1,6.78083333333333,0.283951988495258,1.4604997714,0.411704155,"k-m-","m37",FALSE,FALSE,"6","1",14,2
2022-11-03,"k+m-_m37_1.3",1,9.09555555555556,0.134010305213942,0.9307187634,0.3071507446,"k+m-","m37",TRUE,FALSE,"1","3",8,1
2022-11-07,"k+m-_c1_2.5",1,8.09111111111111,0.0165159365983939,0.8031534356,0.2037276342,"k+m-","c1",TRUE,FALSE,"2","5",7,1
2022-12-06,"k-m-_c1_4.3",1,7.63027777777778,0.0715624458573181,0.8896049264,0.2814045934,"k-m-","c1",FALSE,FALSE,"4","3",7,1
2022-12-12,"k+m+_w2_6.1",1,7.2075,-0.0426939419587286,0.775157073,0.3589702244,"k+m+","w2",TRUE,TRUE,"6","1",7,1
2022-12-13,"k-m+_w2_4.2",1,6.78444444444444,0.196819936721373,1.36680702,0.4385818508,"k-m+","w2",FALSE,TRUE,"4","2",14,2
2022-12-18,"k+m+_m37_5.2",1,7.10361111111111,0.41479007952307,1.382905413,0.3928647972,"k+m+","m37",TRUE,TRUE,"5","2",14,2
2022-12-19,"k-m+_c1_6.2",1,6.75138888888889,0.252204725694305,1.412518257,0.3142635828,"k-m+","c1",FALSE,TRUE,"6","2",14,2
2022-11-03,"k-m-_w2_1.2",1,9.07305555555556,0.178775952203924,0.9698318424,0.3635444342,"k-m-","w2",FALSE,FALSE,"1","2",8,1
2022-11-07,"k-m+_m37_2.4",1,8.06055555555556,0.329110238040324,0.8554412914,0.2981773564,"k-m+","m37",FALSE,TRUE,"2","4",7,1
2022-11-09,"k+m-_c1_1.5",1,8.02694444444444,0.462272641799147,1.6020793714,0.493222534,"k+m-","c1",TRUE,FALSE,"1","5",14,2
2022-12-11,"k-m-_w2_5.1",1,NA,NA,NA,NA,"k-m-","w2",FALSE,FALSE,"5","1",7,1
2022-12-13,"k-m+_c1_4.3",1,6.75194444444444,0.128868621040304,1.2119207156,0.3332497526,"k-m+","c1",FALSE,TRUE,"4","3",14,2
2022-12-19,"k+m+_c1_6.2",1,6.71194444444444,0.239309481272339,1.4207670213,0.4244974365,"k+m+","c1",TRUE,TRUE,"6","2",14,2
2022-11-07,"k+m+_m37_2.5",1,7.88305555555556,0.351244292735911,1.2516950074,0.377041664,"k+m+","m37",TRUE,TRUE,"2","5",7,1
2022-11-09,"k+m+_c1_1.7",1,7.99055555555556,0.23730622727944,NA,NA,"k+m+","c1",TRUE,TRUE,"1","7",14,2
2022-12-06,"k+m+_c1_4.6",1,7.58805555555556,0.214625481490849,0.7584788361,0.2768562154,"k+m+","c1",TRUE,TRUE,"4","6",7,1
2022-12-11,"k+m+_w2_5.1",1,7.19777777777778,0.187445795167388,1.1650456252,0.4027621612,"k+m+","w2",TRUE,TRUE,"5","1",7,1
2022-12-12,"k-m-_w2_6.1",1,7.16027777777778,0.181107252166939,0.8976879176,0.1171983178,"k-m-","w2",FALSE,FALSE,"6","1",7,1
2022-12-13,"k-m-_w2_4.2",1,6.70972222222222,0.588930100773128,1.4801063108,0.4132924932,"k-m-","w2",FALSE,FALSE,"4","2",14,2
2022-12-18,"k+m+_m37_5.1",1,7.07194444444444,0.436563782528225,1.3985474442,0.3934643007,"k+m+","m37",TRUE,TRUE,"5","1",14,2
2022-11-03,"k+m-_w2_1.1",1,9.04361111111111,0.134780029914468,1.0343398922,0.3530960934,"k+m-","w2",TRUE,FALSE,"1","1",8,1
2022-11-07,"k+m-_m37_2.4",1,NA,NA,NA,NA,"k+m-","m37",TRUE,FALSE,"2","4",7,1
2022-11-09,"k-m+_w2_1.1",1,7.86638888888889,0.0877058996973852,1.3883273986,0.3938118362,"k-m+","w2",FALSE,TRUE,"1","1",14,2
2022-12-11,"k+m-_m37_5.3",1,NA,NA,NA,NA,"k+m-","m37",TRUE,FALSE,"5","3",7,1
2022-12-12,"k-m+_m37_6.2",1,7.13333333333333,0.18528753239507,0.9230033102,0.3266438984,"k-m+","m37",FALSE,TRUE,"6","2",7,1
2022-12-18,"k+m-_m37_5.2",1,7.03638888888889,0.0466003561496849,1.174025211,0.2863321426,"k+m-","m37",TRUE,FALSE,"5","2",14,2
2022-12-19,"k-m+_m37_6.2",1,6.67833333333333,0.497788829188831,1.3295652098,0.35490277,"k-m+","m37",FALSE,TRUE,"6","2",14,2
2022-11-03,"k+m-_c1_1.13",1,9.02111111111111,0.169868595570639,1.22125613,0.4148638388,"k+m-","c1",TRUE,FALSE,"1","13",8,1
2022-11-07,"k+m-_w2_2.1",1,7.48055555555556,0.445072109373801,1.2474358592,0.4110880018,"k+m-","w2",TRUE,FALSE,"2","1",7,1
2022-11-09,"k-m-_c1_1.7",1,7.82888888888889,0.110575098889601,1.5767464528,0.4572582676,"k-m-","c1",FALSE,FALSE,"1","7",14,2
2022-12-06,"k+m-_w2_4.2",1,NA,NA,NA,NA,"k+m-","w2",TRUE,FALSE,"4","2",7,1
2022-12-11,"k+m-_w2_5.1",1,7.15,0.170356466970914,1.2394867514,0.4365747682,"k+m-","w2",TRUE,FALSE,"5","1",7,1
2022-12-12,"k-m-_m37_6.2",1,7.10638888888889,0.283437525467125,0.950873892,0.3917328462,"k-m-","m37",FALSE,FALSE,"6","2",7,1
2022-12-13,"k-m+_w2_4.1",1,6.68666666666667,0.189558881813276,1.5033977044,0.2483602602,"k-m+","w2",FALSE,TRUE,"4","1",14,2
2022-12-18,"k-m+_m37_5.4",1,7.01333333333333,-0.0909549494420106,1.4409648854,0.3389947754,"k-m+","m37",FALSE,TRUE,"5","4",14,2
2022-12-19,"k+m-_c1_6.5",1,6.65138888888889,0.153024723122068,1.2453641844,0.385784725,"k+m-","c1",TRUE,FALSE,"6","5",14,2
2022-11-07,"k+m-_c1_2.6",1,7.80527777777778,0.357285737560288,1.1487883806,NA,"k+m-","c1",TRUE,FALSE,"2","6",7,1
2022-12-06,"k-m+_w2_4.1",1,7.51805555555556,0.286595201442429,1.218274805,0.404439501,"k-m+","w2",FALSE,TRUE,"4","1",7,1
2022-12-12,"k-m-_m37_6.1",1,7.06083333333333,0.517962628762399,1.1415961928,0.3617894212,"k-m-","m37",FALSE,FALSE,"6","1",7,1
2022-12-13,"k-m-_w2_4.1",1,6.65166666666667,0.461332695520358,0.9815738306,0.1920091664,"k-m-","w2",FALSE,FALSE,"4","1",14,2
2022-12-19,"k+m-_c1_6.3",1,6.62138888888889,0.397049694354096,1.3777223398,0.0997505244,"k+m-","c1",TRUE,FALSE,"6","3",14,2
2022-11-03,"k+m+_w2_1.1",1,8.99444444444444,0.150699126370107,1.0810950692,0.41399079,"k+m+","w2",TRUE,TRUE,"1","1",8,1
2022-11-09,"k-m-_c1_1.4",1,7.79916666666667,0.342041893950337,1.4205665518,0.5123815,"k-m-","c1",FALSE,FALSE,"1","4",14,2
2022-12-06,"k-m+_w2_4.3",1,7.49277777777778,0.136051063258983,1.1775361514,0.4243931822,"k-m+","w2",FALSE,TRUE,"4","3",7,1
2022-12-11,"k-m+_c1_5.2",1,NA,NA,NA,NA,"k-m+","c1",FALSE,TRUE,"5","2",7,1
2022-12-12,"k-m-_c1_6.4",1,NA,NA,NA,NA,"k-m-","c1",FALSE,FALSE,"6","4",7,1
2022-12-13,"k+m-_c1_4.1",1,6.62194444444444,0.253689430119077,1.3220428474,0.4309714012,"k+m-","c1",TRUE,FALSE,"4","1",14,2
2022-12-18,"k+m-_m37_5.3",1,6.98083333333333,-0.0808518241446129,1.4366320518,0.3931242582,"k+m-","m37",TRUE,FALSE,"5","3",14,2
2022-12-19,"k+m-_m37_6.2",1,6.59027777777778,0.38834990385413,1.3872442156,0.1976199248,"k+m-","m37",TRUE,FALSE,"6","2",14,2
2022-11-07,"k+m-_m37_2.9",1,7.7825,0.196179685459631,1.1062386054,0.4244183536,"k+m-","m37",TRUE,FALSE,"2","9",7,1
2022-11-09,"k-m+_m37_1.2",1,7.76888888888889,0.0132700696409828,1.3967206,0.3446500092,"k-m+","m37",FALSE,TRUE,"1","2",14,2
2022-12-06,"k-m+_c1_4.6",1,NA,NA,NA,NA,"k-m+","c1",FALSE,TRUE,"4","6",7,1
2022-12-11,"k-m+_m37_5.2",1,7.10472222222222,0.041604444645408,1.1509102458,0.4259877688,"k-m+","m37",FALSE,TRUE,"5","2",7,1
2022-12-12,"k+m-_m37_6.1",1,7.01888888888889,0.170551159821705,0.914736804,0.3708551384,"k+m-","m37",TRUE,FALSE,"6","1",7,1
2022-12-13,"k+m+_c1_4.1",1,6.59388888888889,0.239253033694873,1.2785863684,0.426893609,"k+m+","c1",TRUE,TRUE,"4","1",14,2
2022-12-18,"k-m-_w2_5.1",1,6.92833333333333,0.226106052507159,0.9449705002,0.024197056,"k-m-","w2",FALSE,FALSE,"5","1",14,2
2022-12-19,"k-m+_c1_6.3",1,6.56694444444444,0.47439610751925,1.3076086116,0.0116679472,"k-m+","c1",FALSE,TRUE,"6","3",14,2
2022-11-03,"k+m-_c1_1.9",1,NA,NA,NA,NA,"k+m-","c1",TRUE,FALSE,"1","9",8,1
2022-11-07,"k+m+_m37_2.6",1,7.76,0.472540879100778,1.1531715824,0.3439579862,"k+m+","m37",TRUE,TRUE,"2","6",7,1
2022-11-09,"k+m+_w2_1.1",1,7.73305555555556,0.486674002059978,1.3729048996,0.3288980976,"k+m+","w2",TRUE,TRUE,"1","1",14,2
2022-12-06,"k-m-_w2_4.2",1,7.45222222222222,0.0328104760366004,1.1957100292,0.3778901256,"k-m-","w2",FALSE,FALSE,"4","2",7,1
2022-12-11,"k-m+_m37_5.3",1,7.08333333333333,0.0920272657195705,1.2443812552,0.4677629202,"k-m+","m37",FALSE,TRUE,"5","3",7,1
2022-12-12,"k-m+_c1_6.1",1,6.98638888888889,0.048525142551967,1.1101128674,0.3608244244,"k-m+","c1",FALSE,TRUE,"6","1",7,1
2022-12-13,"k+m+_c1_4.6",1,6.55555555555556,0.319912674379427,1.2573290068,0.3680673868,"k+m+","c1",TRUE,TRUE,"4","6",14,2
2022-12-19,"k-m+_c1_6.4",1,6.54055555555556,0.19755467311986,1.371623114,0.3814530344,"k-m+","c1",FALSE,TRUE,"6","4",14,2
2022-11-03,"k+m-_w2_1.5",1,8.94194444444445,0.0956415844109791,0.988854131,0.3701973546,"k+m-","w2",TRUE,FALSE,"1","5",8,1
2022-11-07,"k-m-_m37_2.8",1,7.73305555555556,0.259497289293345,1.1923050322,0.3825600426,"k-m-","m37",FALSE,FALSE,"2","8",7,1
2022-11-09,"k-m-_c1_1.9",1,7.70277777777778,0.31366037178298,1.3199911116,0.2348741556,"k-m-","c1",FALSE,FALSE,"1","9",14,2
2022-12-06,"k-m+_c1_4.1",1,7.42888888888889,0.0856896000520189,0.8892629535,0.3250217401,"k-m+","c1",FALSE,TRUE,"4","1",7,1
2022-12-11,"k-m-_c1_5.1",1,7.05611111111111,0.0176785399616695,0.9367170242,0.3616803028,"k-m-","c1",FALSE,FALSE,"5","1",7,1
2022-12-12,"k+m-_c1_6.2",1,6.95277777777778,0.131193619567711,0.797360991,0.2957612576,"k+m-","c1",TRUE,FALSE,"6","2",7,1
2022-12-13,"k+m+_w2_4.1",1,6.53277777777778,0.270835338622622,1.4354409696,0.4623641502,"k+m+","w2",TRUE,TRUE,"4","1",14,2
2022-12-19,"k+m-_w2_6.1",1,6.51916666666667,0.260003888582221,1.2973582638,0.1623314508,"k+m-","w2",TRUE,FALSE,"6","1",14,2
2022-11-03,"k-m+_w2_1.1",1,8.91638888888889,-0.118861393527104,0.8868073196,0.3346865036,"k-m+","w2",FALSE,TRUE,"1","1",8,1
2022-11-09,"k+m-_w2_1.4",1,7.66972222222222,0.315619724138576,1.4571520006,0.3538817916,"k+m-","w2",TRUE,FALSE,"1","4",14,2
2022-12-06,"k+m-_w2_4.3",1,7.38972222222222,0.355039413631157,1.1575529173,0.4200867392,"k+m-","w2",TRUE,FALSE,"4","3",7,1
2022-12-11,"k-m+_m37_5.1",1,7.03638888888889,0.0779897346385865,1.211871846,0.439172985,"k-m+","m37",FALSE,TRUE,"5","1",7,1
2022-12-12,"k-m+_c1_6.3",1,6.92694444444444,0.159761015517131,0.970940273,0.0141104874,"k-m+","c1",FALSE,TRUE,"6","3",7,1
2022-12-19,"k+m-_c1_6.2",1,6.49694444444444,0.212638940754603,1.3136764176,0.3553196094,"k+m-","c1",TRUE,FALSE,"6","2",14,2
2022-11-03,"k+m+_w2_1.5",1,8.89277777777778,-0.134206387042306,1.103413973,0.3888484222,"k+m+","w2",TRUE,TRUE,"1","5",8,1
2022-11-07,"k+m-_m37_2.7",1,8.0325,0.249211545837486,1.3040209632,0.424366055,"k+m-","m37",TRUE,FALSE,"2","7",7,1
2022-11-09,"k-m+_c1_1.4",1,7.64305555555556,0.0759693561465164,1.3587162564,0.4367706276,"k-m+","c1",FALSE,TRUE,"1","4",14,2
2022-12-06,"k+m-_c1_4.1",1,7.36527777777778,0.0837627186193565,0.9203446541,0.373808752,"k+m-","c1",TRUE,FALSE,"4","1",7,1
2022-12-12,"k+m+_m37_6.2",1,6.90666666666667,-0.026896311157725,1.0896069394,0.4359888791,"k+m+","m37",TRUE,TRUE,"6","2",7,1
2022-12-19,"k-m-_c1_6.3",1,6.47472222222222,0.136767870963663,1.2345089102,0.3540583724,"k-m-","c1",FALSE,FALSE,"6","3",14,2
2022-11-03,"k+m+_c1_1.10",1,8.795,-0.149822942161596,0.8780463516,0.3683309372,"k+m+","c1",TRUE,TRUE,"1","10",8,1
2022-11-07,"k-m+_w2_2.1",1,8.00805555555556,0.464593569072099,1.2282133678,0.371502051,"k-m+","w2",FALSE,TRUE,"2","1",7,1
2022-11-09,"k-m-_m37_1.1",1,7.60166666666667,0.178413733783363,1.3174575124,0.3674508018,"k-m-","m37",FALSE,FALSE,"1","1",14,2
2022-12-06,"k+m+_c1_4.5",1,NA,NA,NA,NA,"k+m+","c1",TRUE,TRUE,"4","5",7,1
2022-12-11,"k-m-_m37_5.4",1,NA,NA,NA,NA,"k-m-","m37",FALSE,FALSE,"5","4",7,1
2022-12-12,"k-m+_c1_6.4",1,6.88166666666667,0.17635387309896,0.906460214,0.3251874116,"k-m+","c1",FALSE,TRUE,"6","4",7,1
2022-11-03,"k-m+_m37_1.3",1,8.75944444444444,0.0287216384506113,1.0720059586,0.0442860176,"k-m+","m37",FALSE,TRUE,"1","3",8,1
2022-11-07,"k-m+_m37_2.6",1,7.70777777777778,0.226504421021511,0.8765634742,0.0920726886,"k-m+","m37",FALSE,TRUE,"2","6",7,1
2022-11-09,"k+m-_m37_1.1",1,7.57333333333333,0.345111924473249,1.3543607406,0.3657207316,"k+m-","m37",TRUE,FALSE,"1","1",14,2
2022-12-06,"k+m-_w2_4.1",1,7.31805555555556,0.154394651058799,1.1054920232,0.258701286,"k+m-","w2",TRUE,FALSE,"4","1",7,1
2022-12-11,"k+m+_c1_5.3",1,NA,NA,NA,NA,"k+m+","c1",TRUE,TRUE,"5","3",7,1
2022-12-12,"k-m+_m37_6.1",1,6.86277777777778,0.24910874820574,1.120275509,0.383604897,"k-m+","m37",FALSE,TRUE,"6","1",7,1
2022-11-07,"k-m+_c1_2.1",1,7.68361111111111,0.639795865159311,1.2611024816,0.4515564248,"k-m+","c1",FALSE,TRUE,"2","1",7,1
2022-11-09,"k+m+_m37_1.1",1,7.54666666666667,0.405518389293256,1.4195857562,0.4129381632,"k+m+","m37",TRUE,TRUE,"1","1",14,2
2022-12-06,"k+m+_c1_4.1",1,7.28972222222222,-0.0544125759298683,0.8772436354,0.3017071055,"k+m+","c1",TRUE,TRUE,"4","1",7,1
2022-12-11,"k+m+_m37_5.3",1,6.9825,0.241777113605517,1.1634083412,0.4074552684,"k+m+","m37",TRUE,TRUE,"5","3",7,1
2022-12-12,"k-m+_w2_6.1",1,6.83027777777778,0.177680704874278,0.830192396,0.2281596656,"k-m+","w2",FALSE,TRUE,"6","1",7,1
2022-11-07,"k-m-_c1_2.10",1,7.65638888888889,0.356100243919046,1.2757166256,0.4000523622,"k-m-","c1",FALSE,FALSE,"2","10",7,1
2022-11-09,"k+m-_m37_1.2",1,7.51555555555556,0.347765061680909,1.40971524,0.363160818,"k+m-","m37",TRUE,FALSE,"1","2",14,2
2022-12-06,"k+m+_w2_4.3",1,7.2525,-0.10729682503524,0.8287616394,0.1969576071,"k+m+","w2",TRUE,TRUE,"4","3",7,1
2022-11-07,"k-m-_m37_2.4",1,7.635,-0.014799679441956,1.206984505,0.4241220372,"k-m-","m37",FALSE,FALSE,"2","4",7,1
2022-11-09,"k+m-_c1_1.13",1,7.47472222222222,0.273678619297851,1.4252258008,0.4202153648,"k+m-","c1",TRUE,FALSE,"1","13",14,2
2022-12-06,"k-m-_c1_4.4",1,7.19777777777778,-0.170333574997066,0.679346622,0.2092092336,"k-m-","c1",FALSE,FALSE,"4","4",7,1
2022-11-07,"k-m+_w2_2.2",1,7.61138888888889,0.408067878949223,1.2882128922,0.2564083264,"k-m+","w2",FALSE,TRUE,"2","2",7,1
2022-11-09,"k-m+_c1_1.7",1,7.42222222222222,0.0782296719450374,1.277404354,0.4715793718,"k-m+","c1",FALSE,TRUE,"1","7",14,2
2022-11-07,"k-m-_m37_2.3",1,7.57527777777778,-0.0729513561036186,0.8095293944,0.0970469992,"k-m-","m37",FALSE,FALSE,"2","3",7,1
2022-11-09,"k-m-_m37_1.2",1,7.39305555555556,0.293605943586767,1.3758827448,0.3882441816,"k-m-","m37",FALSE,FALSE,"1","2",14,2
2022-11-07,"k+m-_m37_2.1",1,7.53166666666667,0.362523375692188,1.0670074418,0.3376774298,"k+m-","m37",TRUE,FALSE,"2","1",7,1
2022-11-09,"k+m+_w2_1.5",1,7.36944444444444,0.390371451498836,1.4122009348,0.2687571714,"k+m+","w2",TRUE,TRUE,"1","5",14,2
2022-11-03,"k-m+_c1_1.2",2,8.93527777777778,0.308872359150347,1.149580505,0.4518317862,"k-m+","c1",FALSE,TRUE,"1","2",8,1
2022-11-07,"k-m-_m37_2.2",2,7.10333333333333,0.626570970722492,1.0079801786,0.0713435454,"k-m-","m37",FALSE,FALSE,"2","2",7,1
2022-11-09,"k-m+_w2_1.2",2,7.54277777777778,0.383668915327199,1.294496776,0.3475629066,"k-m+","w2",FALSE,TRUE,"1","2",14,2
2022-11-03,"k-m-_w2_1.1",2,8.90444444444444,0.383075262306994,1.0703654234,0.2633887798,"k-m-","w2",FALSE,FALSE,"1","1",8,1
2022-11-07,"k+m-_m37_2.2",2,7.08222222222222,0.067652996746639,0.9950043092,0.051901471,"k+m-","m37",TRUE,FALSE,"2","2",7,1
2022-11-03,"k-m-_w2_1.4",2,7.825,0.0605062244053651,0.8297901362,0.3205244288,"k-m-","w2",FALSE,FALSE,"1","4",8,1
2022-11-03,"k-m+_m37_1.2",2,8.85972222222222,0.11156764530236,1.2217299162,0.36491037,"k-m+","m37",FALSE,TRUE,"1","2",8,1
2022-11-07,"k+m-_c1_2.7",2,7.05361111111111,-0.0568786585444536,1.1798217196,0.0806664884,"k+m-","c1",TRUE,FALSE,"2","7",7,1
2022-11-09,"k+m+_c1_1.5",2,7.51222222222222,-0.0689876661412918,NA,NA,"k+m+","c1",TRUE,TRUE,"1","5",14,2
2022-11-03,"k+m-_c1_1.5",2,8.835,0.198306835342491,NA,0.8346839034,"k+m-","c1",TRUE,FALSE,"1","5",8,1
2022-11-07,"k+m-_c1_2.3",2,7.0325,-0.222756928610561,1.298528137,0.4186734324,"k+m-","c1",TRUE,FALSE,"2","3",7,1
2022-11-09,"k-m+_c1_1.5",2,7.48388888888889,0.395871478774932,1.47071207,0.153914348,"k-m+","c1",FALSE,TRUE,"1","5",14,2
2022-11-03,"k+m-_m37_1.1",2,8.815,0.239715364341698,1.0803927592,0.385093464,"k+m-","m37",TRUE,FALSE,"1","1",8,1
2022-11-07,"k+m+_m37_2.7",2,7.00694444444444,0.0273584531170634,1.2328504934,0.3935371606,"k+m+","m37",TRUE,TRUE,"2","7",7,1
2022-11-09,"k-m+_c1_1.1",2,7.4575,0.145107052819622,1.2595566122,0.4476290006,"k-m+","c1",FALSE,TRUE,"1","1",14,2
2022-11-03,"k+m+_c1_1.5",2,8.7875,0.220945677884447,0.9679374596,0.3829585686,"k+m+","c1",TRUE,TRUE,"1","5",8,1
2022-11-07,"k-m-_c1_2.5",2,6.96305555555556,0.154415461507369,1.0322060128,0.345282774,"k-m-","c1",FALSE,FALSE,"2","5",7,1
2022-11-09,"k+m+_c1_1.2",2,NA,NA,NA,NA,"k+m+","c1",TRUE,TRUE,"1","2",14,2
2022-11-03,"k+m+_w2_1.2",2,NA,NA,NA,NA,"k+m+","w2",TRUE,TRUE,"1","2",8,1
2022-11-07,"k+m-_m37_2.3",2,6.93138888888889,0.00846167996979642,0.9022210048,0.1456439302,"k+m-","m37",TRUE,FALSE,"2","3",7,1
2022-11-03,"k+m-_w2_1.3",2,8.74583333333333,0.216663225847623,1.0122505028,0.3334347662,"k+m-","w2",TRUE,FALSE,"1","3",8,1
2022-11-07,"k+m+_w2_2.2",2,6.8925,0.0466552218128853,1.2879932584,0.3976023544,"k+m+","w2",TRUE,TRUE,"2","2",7,1
2022-11-09,"k+m-_c1_1.10",2,7.40722222222222,0.0866986176567383,1.2910268312,0.4525882744,"k+m-","c1",TRUE,FALSE,"1","10",14,2
2022-11-03,"k-m-_c1_1.7",2,8.72333333333333,0.391028550774201,1.2870965622,0.4404322916,"k-m-","c1",FALSE,FALSE,"1","7",8,1
2022-11-07,"k-m-_c1_2.8",2,6.86777777777778,0.704287613813122,1.2866415974,0.3936593854,"k-m-","c1",FALSE,FALSE,"2","8",7,1
2022-11-09,"k-m+_m37_1.3",2,7.37444444444444,0.116095189770518,1.1068472402,0.076570332,"k-m+","m37",FALSE,TRUE,"1","3",14,2
2022-11-03,"k-m-_c1_1.10",2,8.70305555555556,0.210820548887173,0.8736664518,0.4021333334,"k-m-","c1",FALSE,FALSE,"1","10",8,1
2022-11-09,"k+m-_c1_1.3",2,7.33472222222222,0.265640291817795,1.412156688,0.4902454254,"k+m-","c1",TRUE,FALSE,"1","3",14,2
2022-11-03,"k+m+_c1_1.9",2,NA,NA,NA,NA,"k+m+","c1",TRUE,TRUE,"1","9",8,1
2022-11-07,"k+m+_m37_2.2",2,6.83111111111111,-0.450941274545586,1.1650505528,0.3586992318,"k+m+","m37",TRUE,TRUE,"2","2",7,1
2022-11-09,"k+m-_w2_1.3",2,7.28861111111111,0.383803189213095,1.5326312502,0.1395447044,"k+m-","w2",TRUE,FALSE,"1","3",14,2
2022-11-03,"k+m-_c1_1.1",2,NA,NA,NA,NA,"k+m-","c1",TRUE,FALSE,"1","1",8,1
2022-11-07,"k+m+_c1_2.9",2,6.79555555555556,-0.507061910709347,1.0082713896,0.3986743106,"k+m+","c1",TRUE,TRUE,"2","9",7,1
2022-11-09,"k-m-_c1_1.6",2,7.25555555555556,0.660487375062165,1.562989381,0.3602142656,"k-m-","c1",FALSE,FALSE,"1","6",14,2
2022-11-03,"k-m-_c1_1.2",2,8.59888888888889,0.332318684116781,1.2922186754,0.4559439954,"k-m-","c1",FALSE,FALSE,"1","2",8,1
2022-11-07,"k+m-_m37_2.5",2,6.755,0.117051848224564,0.94265115,0.3459770576,"k+m-","m37",TRUE,FALSE,"2","5",7,1
2022-11-09,"k+m+_c1_1.4",2,7.15472222222222,0.515614025137912,NA,NA,"k+m+","c1",TRUE,TRUE,"1","4",14,2
2022-11-07,"k-m-_m37_2.6",2,6.73166666666667,0.347797922232462,1.1316112242,0.3808181614,"k-m-","m37",FALSE,FALSE,"2","6",7,1
2022-11-03,"k+m+_c1_1.1",2,8.56444444444444,0.0707864032625731,0.9655310636,0.1715837564,"k+m+","c1",TRUE,TRUE,"1","1",8,1
2022-11-07,"k-m+_m37_2.1",2,6.705,-0.0424935955172353,1.0381044516,0.363355509,"k-m+","m37",FALSE,TRUE,"2","1",7,1
2022-11-09,"k-m-_c1_1.5",2,7.10083333333333,0.426838208385813,1.5691953376,0.4142047596,"k-m-","c1",FALSE,FALSE,"1","5",14,2
2022-11-03,"k-m-_w2_1.5",2,8.53861111111111,-0.052942376903923,1.226199097,0.4129779904,"k-m-","w2",FALSE,FALSE,"1","5",8,1
2022-11-07,"k-m-_m37_2.9",2,6.36111111111111,0.377732489434895,1.0961896288,0.3614761376,"k-m-","m37",FALSE,FALSE,"2","9",7,1
2022-11-09,"k-m+_c1_1.2",2,7.06166666666667,0.137148679711944,1.4048067154,0.494650141,"k-m+","c1",FALSE,TRUE,"1","2",14,2
2022-11-03,"k-m-_c1_1.5",2,8.51694444444444,0.0344344327778845,1.3726712704,0.4888255654,"k-m-","c1",FALSE,FALSE,"1","5",8,1
2022-11-09,"k-m-_m37_1.3",2,7.02111111111111,0.440558827029175,1.3562786692,0.3891211166,"k-m-","m37",FALSE,FALSE,"1","3",14,2
2022-11-03,"k+m-_c1_1.4",2,9.5125,NA,1.0851121808,0.2881522812,"k+m-","c1",TRUE,FALSE,"1","4",8,1
2022-11-07,"k-m+_m37_2.3",2,6.65972222222222,-0.0258154919480051,0.7786489634,0.3325462996,"k-m+","m37",FALSE,TRUE,"2","3",7,1
2022-11-09,"k+m+_w2_1.4",2,NA,NA,NA,NA,"k+m+","w2",TRUE,TRUE,"1","4",14,2
2022-11-03,"k+m-_m37_1.2",2,8.47611111111111,0.0502112511986843,0.9386113308,0.361390946,"k+m-","m37",TRUE,FALSE,"1","2",8,1
2022-11-07,"k-m-_c1_2.1",2,6.63277777777778,0.0904869901225022,1.1389242398,0.4186955304,"k-m-","c1",FALSE,FALSE,"2","1",7,1
2022-11-09,"k-m+_w2_1.3",2,6.95916666666667,0.248784285579521,1.2935009436,0.3724631362,"k-m+","w2",FALSE,TRUE,"1","3",14,2
2022-11-03,"k-m-_c1_1.9",2,8.45166666666667,0.0924288455104932,1.2290212148,0.4463052796,"k-m-","c1",FALSE,FALSE,"1","9",8,1
2022-11-07,"k-m+_w2_2.3",2,6.61027777777778,0.225928914900345,0.8649838174,0.2800284214,"k-m+","w2",FALSE,TRUE,"2","3",7,1
2022-11-09,"k+m+_w2_1.3",2,6.87333333333333,0.53672285990451,1.4086701062,0.3440386566,"k+m+","w2",TRUE,TRUE,"1","3",14,2
2022-11-07,"k+m+_m37_2.1",2,6.59,0.140791704781436,1.3178856294,0.400806031,"k+m+","m37",TRUE,TRUE,"2","1",7,1
2022-11-09,"k+m+_c1_1.12",2,6.84861111111111,0.104628497287839,NA,NA,"k+m+","c1",TRUE,TRUE,"1","12",14,2
2022-11-03,"k+m-_c1_1.3",2,8.42805555555556,0.242028605804187,1.1342851838,0.430663604,"k+m-","c1",TRUE,FALSE,"1","3",8,1
2022-11-07,"k-m+_c1_2.8",2,6.31944444444444,-0.422890662500319,1.0672039362,0.1030317218,"k-m+","c1",FALSE,TRUE,"2","8",7,1
2022-11-09,"k+m-_c1_1.6",2,6.80722222222222,0.269241912144379,1.2772453246,0.130210433,"k+m-","c1",TRUE,FALSE,"1","6",14,2
2022-11-07,"k-m-_c1_2.7",2,6.53833333333333,0.164446103050609,1.1637284828,0.3722643812,"k-m-","c1",FALSE,FALSE,"2","7",7,1
2022-11-09,"k+m+_c1_1.10",2,6.77555555555556,-0.10600715171225,NA,NA,"k+m+","c1",TRUE,TRUE,"1","10",14,2
2022-11-07,"k-m+_m37_2.7",2,6.51333333333333,0.30316970864358,1.1089381428,0.4139768708,"k-m+","m37",FALSE,TRUE,"2","7",7,1
2022-11-09,"k-m+_c1_1.8",2,NA,NA,NA,NA,"k-m+","c1",FALSE,TRUE,"1","8",14,2
2022-11-03,"k-m+_w2_1.5",2,8.40333333333333,-0.00697951541340516,0.7970953832,0.3034769648,"k-m+","w2",FALSE,TRUE,"1","5",8,1
2022-11-09,"k-m+_w2_1.4",2,6.71555555555556,0.0308628680764481,1.416833717,0.3809957328,"k-m+","w2",FALSE,TRUE,"1","4",14,2
2022-11-07,"k-m-_m37_2.5",2,6.48722222222222,0.757788534134269,0.9058885108,0.3165299486,"k-m-","m37",FALSE,FALSE,"2","5",7,1
2022-11-09,"k-m+_c1_1.6",2,NA,NA,NA,NA,"k-m+","c1",FALSE,TRUE,"1","6",14,2
2022-11-07,"k+m+_c1_2.4",2,6.46777777777778,0.254732365175142,1.1916772458,0.385719701,"k+m+","c1",TRUE,TRUE,"2","4",7,1
2022-11-09,"k+m-_m37_1.3",2,6.63138888888889,0.450748915579957,1.2635172342,0.3777198186,"k+m-","m37",TRUE,FALSE,"1","3",14,2
2022-11-07,"k+m+_m37_2.9",2,6.44833333333333,-0.184836160142339,1.3527568576,0.404995507,"k+m+","m37",TRUE,TRUE,"2","9",7,1
2022-11-09,"k-m+_c1_1.10",2,6.59194444444444,0.0554579851846411,1.2684039402,0.3383045558,"k-m+","c1",FALSE,TRUE,"1","10",14,2
2022-11-07,"k+m-_w2_2.2",2,6.42638888888889,0.193551498109292,1.1168908828,0.2175033496,"k+m-","w2",TRUE,FALSE,"2","2",7,1
2022-11-09,"k-m-_w2_1.1",2,6.55777777777778,0.570101307732209,1.3548852506,0.3384637122,"k-m-","w2",FALSE,FALSE,"1","1",14,2
2022-11-07,"k-m-_w2_2.1",2,6.40388888888889,0.159480429545835,1.2720267422,0.4622716688,"k-m-","w2",FALSE,FALSE,"2","1",7,1
2022-11-09,"k-m-_c1_1.2",2,6.53111111111111,0.624336829417596,1.5831841844,0.5204026422,"k-m-","c1",FALSE,FALSE,"1","2",14,2
2022-11-07,"k+m+_c1_2.3",2,6.38361111111111,-0.132995952148014,1.2899429116,0.410802328,"k+m+","c1",TRUE,TRUE,"2","3",7,1
2022-11-03,"k+m+_w2_1.3",3,8.61638888888889,0.196623149375856,NA,0.5355444331,"k+m+","w2",TRUE,TRUE,"1","3",8,1
2022-11-03,"k-m+_c1_1.7",3,8.58583333333333,-0.0909845046265576,0.9752779326,0.4182666514,"k-m+","c1",FALSE,TRUE,"1","7",8,1
2022-11-03,"k-m-_m37_1.2",3,8.55722222222222,-0.044584287954215,1.2289543112,0.4548637334,"k-m-","m37",FALSE,FALSE,"1","2",8,1
2022-11-03,"k-m+_c1_1.10",3,8.53083333333333,0.280033496081683,0.8423258236,0.351471103,"k-m+","c1",FALSE,TRUE,"1","10",8,1
2022-11-03,"k-m-_m37_1.3",3,8.50638888888889,0.303869151923152,1.150558659,0.4329320018,"k-m-","m37",FALSE,FALSE,"1","3",8,1
2022-11-03,"k-m+_c1_1.4",3,8.39833333333333,0.0225378168908738,0.9613769698,0.2707842438,"k-m+","c1",FALSE,TRUE,"1","4",8,1
2022-11-03,"k-m+_c1_1.5",3,8.36083333333333,0.159710626083352,1.1652340678,0.1008799608,"k-m+","c1",FALSE,TRUE,"1","5",8,1
2022-11-03,"k+m-_c1_1.12",3,8.32527777777778,-0.172475830170539,1.2680977178,0.4629773316,"k+m-","c1",TRUE,FALSE,"1","12",8,1
2022-11-03,"k+m-_c1_1.6",3,8.29861111111111,-0.28997226829865,0.9062107098,0.3190290546,"k+m-","c1",TRUE,FALSE,"1","6",8,1
2022-11-03,"k-m-_c1_1.11",3,NA,NA,NA,NA,"k-m-","c1",FALSE,FALSE,"1","11",8,1
2022-11-03,"k+m+_c1_1.7",3,8.26055555555556,0.332639452356293,1.1931819926,0.4346924504,"k+m+","c1",TRUE,TRUE,"1","7",8,1
2022-11-03,"k-m-_c1_1.3",3,NA,NA,NA,NA,"k-m-","c1",FALSE,FALSE,"1","3",8,1
2022-11-03,"k-m+_c1_1.1",3,8.19527777777778,-0.0375480361998147,1.0216034178,0.327683241,"k-m+","c1",FALSE,TRUE,"1","1",8,1
2022-11-03,"k+m+_c1_1.11",3,NA,NA,NA,NA,"k+m+","c1",TRUE,TRUE,"1","11",8,1
2022-11-03,"k-m+_w2_1.4",3,8.15611111111111,0.190278047088253,0.9913703566,0.3493234822,"k-m+","w2",FALSE,TRUE,"1","4",8,1
2022-11-03,"k+m+_w2_1.4",3,NA,NA,NA,NA,"k+m+","w2",TRUE,TRUE,"1","4",8,1
2022-11-03,"k+m-_c1_1.10",3,8.09194444444444,0,0.978064846,0.402453729,"k+m-","c1",TRUE,FALSE,"1","10",8,1
2022-11-03,"k+m-_w2_1.2",3,8.04833333333333,-0.217363573613169,1.0378297252,0.3920649004,"k+m-","w2",TRUE,FALSE,"1","2",8,1
2022-11-03,"k-m-_m37_1.1",3,8.01861111111111,0.0934863125729862,1.2043381298,0.4399138522,"k-m-","m37",FALSE,FALSE,"1","1",8,1
2022-11-03,"k-m+_w2_1.3",3,7.9975,-0.140308834769525,1.0288321816,0.2825477712,"k-m+","w2",FALSE,TRUE,"1","3",8,1
2022-11-03,"k+m+_m37_1.2",3,7.96694444444444,-0.0557952460705698,1.231373839,0.4297728768,"k+m+","m37",TRUE,TRUE,"1","2",8,1
2022-11-03,"k-m-_w2_1.3",3,7.94361111111111,0.140430446991185,0.9515516656,0.34365184,"k-m-","w2",FALSE,FALSE,"1","3",8,1
2022-11-09,"k+m+_c1_2.2",NA,NA,NA,1.36389618,0.4658529164,"k+m+","c1",TRUE,TRUE,"2","2",9,1
2022-12-06,"k+m+_c1_4.4",NA,NA,NA,0.9936608651,0.3268898593,"k+m+","c1",TRUE,TRUE,"4","4",7,1
2022-11-09,"k+m+_w2_4",NA,NA,NA,1.1801373908,0.3120961754,"k+m+","w2",TRUE,TRUE,"4","",-20,-3
2022-11-07,"k+m-_c1_2.8",NA,NA,NA,0.910686012,0.325040371,"k+m-","c1",TRUE,FALSE,"2","8",7,1
2022-11-07,"k+m-m37_2.4",NA,NA,NA,1.2441512582,0.3459651704,"k+m-m37","2.4",TRUE,FALSE,"","",NA,NA
2022-12-11,"k+m_m37_5.3",NA,NA,NA,1.2230484556,0.3818145018,"k+m","m37",TRUE,FALSE,"5","3",7,1
2022-11-03,"k--m-_c1_1.3",NA,NA,NA,1.3214903974,0.4812368836,"k--m-","c1",FALSE,FALSE,"1","3",8,1
2022-11-09,"k-m+_c1_1.16",NA,NA,NA,1.520507246,0.4611317676,"k-m+","c1",FALSE,TRUE,"1","16",14,2
2022-11-09,"k-m+_c1_1.18",NA,NA,NA,1.4136675816,0.4566950226,"k-m+","c1",FALSE,TRUE,"1","18",14,2
2022-11-07,"k-m+_c1_2.3",NA,NA,NA,0.9268866908,0.3228032406,"k-m+","c1",FALSE,TRUE,"2","3",7,1
2022-11-09,"k-m-_c1_10",NA,NA,NA,1.2293376734,0.4508251334,"k-m-","c1",FALSE,FALSE,"10","",NA,NA
2022-11-03,"k-m-_w2_4",NA,NA,NA,0.9650003052,0.3502556114,"k-m-","w2",FALSE,FALSE,"4","",-26,-4
